ticker,consensus,price,dcf,peer_pe,historical_pe,wacc,g,peer_pb,peer_evs
ADANIPORTS.NS,2047.0834,1708.0,371.9636629597203,753.99851835,1839.2425395990158,0.14281866393056866,0.15,,
APOLLOHOSP.NS,9821.5,7666.0,977.1579297719334,7018.91497368,12984.665369978487,0.11312234128340032,0.14846702644087806,,
ASIANPAINT.NS,3009.8235,2311.60009765625,620.7515179257723,2394.2588925600003,3111.5908456938982,0.11701914478860048,0.03,,
AXISBANK.NS,1585.2195,1245.0,,1539.13027423,1281.251016095382,,,1370.6001012355082,
BSE.NS,3704.2632,3334.800048828125,,2703.3580864499995,5672.575062453118,,,1206.803634687,
BAJAJ-AUTO.NS,11629.025,9637.0,1445.228463104685,11786.134789,13930.655795214025,0.11606828562681593,0.15,,
BAJFINANCE.NS,1163.7142,955.9500122070312,,635.7618402,1153.3440152194469,,,426.3288408848,
BAJAJFINSV.NS,2366.2307,1708.0,,1284.46404945,2311.4310998793317,,,765.1538978312,
BEL.NS,490.9394,367.2999877929688,51.71259378657833,538.2308694,442.4275125911584,0.13550029614168502,0.15,,
BHARTIARTL.NS,2313.9119,1804.5999755859373,2535.9228880519227,879.39227272,2982.658296172981,0.1124518499233341,0.14882310633383145,,
CIPLA.NS,1512.8334,1306.800048828125,759.0983046693588,1507.0304523000002,1218.7986796366733,0.10478238186038136,0.07234079281312833,,
COALINDIA.NS,472.125,409.3500061035156,564.8303612535016,635.7042044000001,354.30103585105337,0.12111800434543073,0.09305839675105099,,
DRREDDY.NS,1277.973,1180.0,529.3709978376684,1462.63453491,775.6588939893174,0.1061279503039796,0.10962715603768824,,
EICHERMOT.NS,8314.75,6767.5,2792.562288032406,5890.2645087,7562.165136906311,0.13071593895420827,0.15,,
ETERNAL.NS,369.71875,319.04998779296875,,,,,,,123.91786837843064
GRASIM.NS,3837.5,2856.800048828125,,,,,,,870.898637620461
HCLTECH.NS,1265.5128,1176.9000244140625,1410.3276363051152,1407.5939908399998,1601.4742857318322,0.12398595979478455,0.08654772035396308,,
HDFCBANK.NS,985.95123,692.25,,791.8049032499999,,,,991.9857955988771,
HDFCLIFE.NS,729.6667,544.5,,480.71743875,830.2316869921304,,,336.38393106589683,
HINDALCO.NS,1162.5862,890.1500244140625,,1101.2957844525,963.7393902295616,,,,
HINDUNILVR.NS,2407.7104,1844.5,766.9616326013739,1654.5876365,2438.2477532559265,0.11141701905423981,0.03,,
ICICIBANK.NS,1746.7382,1349.0,,1489.18,1539.60175705425,,,1832.3833738392,
ITC.NS,326.84848,255.0,196.05600258387756,163.27929024,406.2696111026459,0.11512573421395572,0.03646483983178639,,
INFY.NS,1179.9762,997.0,11.462163343361855,1151.5560850000002,,0.1285935731134108,0.03441926382216631,,
INDIGO.NS,5601.72,4813.10009765625,8629.54943120044,,,0.11636962081698499,0.06558093034401558,,14752.20276415703
JSWSTEEL.NS,1381.8286,1175.199951171875,10.489771608246397,3264.0995862,4655.180167085842,0.11715567199637304,0.03613916948222462,,
KOTAKBANK.NS,472.5946,435.0,,353.06710439999995,410.97215059308917,,,301.87765990695254,
LT.NS,4495.3794,3625.10009765625,1502.5939839814807,2441.9784568,4440.5753446845065,0.12353686634351783,0.15,,
M&M.NS,4158.4,2751.199951171875,,4604.30050366,4446.110903091877,,,,
MARUTI.NS,15625.615,11228.0,6307.139436025412,12395.551265099999,13661.836618825373,0.12451882830612178,0.15,,
MAXHEALTH.NS,1165.0385,873.4000244140625,74.52848250116716,795.943221255,1286.006234124334,0.11111280596444884,0.15,,
NTPC.NS,428.89285,309.70001220703125,,399.95022059999997,429.17314431627307,,,,
NESTLEIND.NS,1587.3889,1319.0,256.1902222345592,638.63788191,1749.738993475067,0.10922433952311347,0.15,,
ONGC.NS,294.53333,219.8000030517578,607.511904517873,417.8006398,259.7778805574238,0.09822293230526778,0.03,,
POWERGRID.NS,319.32,244.6499938964844,136.2157116057266,216.88138620000004,292.44022305117477,0.09708578359160397,0.03,,
RELIANCE.NS,1674.72,1178.0,362.59639431235473,890.9634903399999,1468.0231508593504,0.12062207273191729,0.0639405357459426,,
SBILIFE.NS,2294.1667,1682.5,,1289.20459248,2027.670392276571,,,971.5730611963618,
SHRIRAMFIN.NS,1194.25,917.25,,1105.4096718,856.3527188192754,,,856.44308112055,
SBIN.NS,1257.7179,940.0,,646.1089936799999,996.8355227581226,,,616.747201612551,
SUNPHARMA.NS,2174.6562,1759.800048828125,1141.0582852365806,1854.9768636,1965.7240482863383,0.11037497498131116,0.10390670085310827,,
TCS.NS,2445.5366,2076.0,2007.7981585862096,3206.97905133,3954.8522191378624,0.12084945878101333,0.05801848619364591,,
TATACONSUM.NS,1343.3846,951.9000244140624,457.41290142622256,490.42074046000005,1388.294194158744,0.1189399823580116,0.1387405639185082,,
TMPV.NS,356.64,273.0,453.63894853686406,,,0.10931504495711022,0.03,,2001.5742457897336
TATASTEEL.NS,217.77142,171.9600067138672,44.31135420474332,211.09080179999998,191.62768559325437,0.11909756155437026,0.03,,
TECHM.NS,1658.4615,1496.199951171875,808.5756703830925,1060.1822131200001,1760.3621859651544,0.12765954077114683,0.03,,
TITAN.NS,5414.472,4359.5,152.83058634010425,1245.0524552799998,5837.759229781787,0.12162837710951882,0.15,,
TRENT.NS,3396.0618,2876.300048828125,222.744233641074,1253.18328704,6576.647217123304,0.13592624881229748,0.15,,
ULTRACEMCO.NS,13899.459,10426.0,1470.285616730483,8668.06450674,14150.252552170654,0.12609098016838874,0.11916250682385199,,
