ticker,type,price,engine_low,engine_base,engine_high,consensus,analysts,confidence,stance
ADANIPORTS.NS,industrial,1708.0,368.32407698127565,875.5386087522334,1814.1284546553265,2047.0834,24,72,AVOID
APOLLOHOSP.NS,healthcare_services,7666.0,2683.7818206572438,6701.625791962681,10719.46976326812,9821.5,30,75,WATCH
ASIANPAINT.NS,materials,2311.60009765625,1200.3132901464155,2094.348439528223,2988.3835889100305,3009.8235,34,76,WATCH
AXISBANK.NS,bank,1245.0,1237.989053994821,1450.3977334757478,2231.694359784912,1585.2195,41,78,WATCH
BSE.NS,capital_markets,3334.800048828125,1503.1030672522852,2477.6803223094053,3452.2575773665253,3704.2632,19,64,WATCH
BAJAJ-AUTO.NS,automobile,9637.0,4833.599968523143,9629.812408768976,14426.024849014808,11629.025,40,75,WATCH
BAJFINANCE.NS,nbfc,955.9500122070312,398.69911528647356,567.3960992591324,736.0930832317912,1163.7142,35,75,WATCH
BAJAJFINSV.NS,nbfc,1708.0,726.8334623289933,1102.1228337430066,1490.099743893466,2366.2307,13,75,AVOID
BEL.NS,industrial,367.29998779296875,194.49045542782693,397.44062913487625,600.3908028419255,490.9394,33,70,WATCH
BHARTIARTL.NS,telecom,1804.5999755859375,779.3510973092841,1714.178131243577,2755.8587477394613,2313.9119,34,68,WATCH
CIPLA.NS,pharma,1306.800048828125,951.5593066455559,1262.4010608596745,1590.4383297987054,1512.8334,36,83,AVOID
COALINDIA.NS,energy,409.3500061035156,446.79141456840347,561.705109903586,772.9079300756889,472.125,24,80,WATCH
DRREDDY.NS,pharma,1180.0,673.9454621513612,1091.9235224577806,1509.9015827642,1277.973,37,76,AVOID
EICHERMOT.NS,automobile,6767.5,3787.5855885772435,5450.219079174364,7401.227751571324,8314.75,36,82,WATCH
ETERNAL.NS,consumer_cyclical,319.04998779296875,39.634002694131766,123.91786837843064,210.81958653728526,369.71875,32,43,AVOID
GRASIM.NS,materials,2856.800048828125,202.73772187891197,870.898637620461,5349.950948931577,3837.5,10,51,AVOID
HCLTECH.NS,technology,1176.9000244140625,1121.8869202906806,1447.0534611846451,1758.7087184759362,1265.5128,39,95,ATTRACTIVE
HDFCBANK.NS,bank,692.25,712.8675266790256,886.6274312047312,1166.891495282437,985.95123,41,68,WATCH
HDFCLIFE.NS,insurance,544.5,318.2271272751725,433.2430727042601,873.3248900659075,729.6667,33,67,AVOID
HINDALCO.NS,materials,890.1500244140625,879.471108186606,1064.614079326383,1465.4426114711937,1162.5862,29,95,ATTRACTIVE
HINDUNILVR.NS,consumer_defensive,1844.5,1027.6775414509011,1589.4131588765288,2151.1487763021564,2407.7104,38,80,WATCH
ICICIBANK.NS,bank,1349.0,1317.1458129340308,1646.1426060803524,2276.815011715974,1746.7382,42,78,WATCH
ITC.NS,consumer_defensive,255.0,125.98604666855425,220.07153249849858,314.1570183284429,326.84848,33,72,WATCH
INFY.NS,technology,997.0,266.82905842374305,795.2767344823006,1323.7244105408581,1179.9762,42,70,AVOID
INDIGO.NS,industrial,4813.10009765625,4416.991254175571,11690.876097678734,60144.72650630167,5601.72,25,40,WATCH
JSWSTEEL.NS,materials,1175.199951171875,1071.4782342897172,2728.91324872923,4386.348263168743,1381.8286,35,71,WATCH
KOTAKBANK.NS,bank,435.0,285.44721556670953,332.92710668778307,499.7572063387129,472.5946,37,78,AVOID
LT.NS,industrial,3625.10009765625,1610.7063907606516,2606.8517161722716,3602.9970415838916,4495.3794,29,80,AVOID
M&M.NS,automobile,2751.199951171875,3184.397233873668,4562.116610175168,6181.323902409284,4158.4,35,90,ATTRACTIVE
MARUTI.NS,automobile,11228.0,8302.184979328455,11126.705378576427,14004.162183037166,15625.615,39,82,WATCH
MAXHEALTH.NS,healthcare_services,873.4000244140625,299.64307856131325,713.6021391404087,1127.5611997195042,1165.0385,26,75,AVOID
NTPC.NS,utilities,309.70001220703125,326.47947002399536,407.74300025767286,1528.098211455625,428.89285,28,82,WATCH
NESTLEIND.NS,consumer_defensive,1319.0,248.0943492989004,765.2461893041532,1282.398029309406,1587.3889,36,75,WATCH
ONGC.NS,energy,219.8000030517578,316.39995698765836,433.62390413095306,550.8478512742478,294.53333,30,66,ATTRACTIVE
POWERGRID.NS,utilities,244.64999389648438,159.45292629414524,211.82673492166663,741.2048313035529,319.32,25,74,AVOID
RELIANCE.NS,energy,1178.0,505.3469326237954,874.2836484369587,1243.2203642501222,1674.72,25,75,AVOID
SBILIFE.NS,insurance,1682.5,908.1649680893811,1183.1936933921913,2294.4146230982415,2294.1667,36,67,AVOID
SHRIRAMFIN.NS,nbfc,917.25,847.0868619107227,980.9218583452114,1179.40243054425,1194.25,32,78,WATCH
SBIN.NS,bank,940.0,562.8363751041529,650.432513703554,825.1394724168313,1257.7179,39,78,AVOID
SUNPHARMA.NS,pharma,1759.800048828125,1373.940961368557,1698.646655946413,2094.557979018079,2174.6562,32,94,WATCH
TCS.NS,technology,2076.0,2258.9557732330536,3056.758461705625,3920.851569524142,2445.5366,41,82,ATTRACTIVE
TATACONSUM.NS,consumer_defensive,951.9000244140625,298.21046196360993,661.7434714413046,1025.2764809189991,1343.3846,26,75,AVOID
TMPV.NS,automobile,273.0,453.63894853686406,1227.6065971632988,2010.3316640003363,356.64,25,60,WATCH
TATASTEEL.NS,materials,171.9600067138672,95.13720399091353,165.5033166598367,312.7629461588132,217.77142,35,67,AVOID
TECHM.NS,technology,1496.199951171875,808.7938899246724,1137.3165720048041,1589.5235626849467,1658.4615,39,83,AVOID
TITAN.NS,consumer_cyclical,4359.5,0.0,1890.5383429453836,3915.427531242707,5414.472,36,68,AVOID
TRENT.NS,consumer_cyclical,2876.300048828125,0.0,2060.2663097069294,4358.509507933529,3396.0618,27,68,AVOID
ULTRACEMCO.NS,materials,10426.0,3667.539110762831,7965.057393323752,12262.575675884673,13899.459,37,80,AVOID
