id,ticker,company,headline
0,TCS.NS,Tata Consultancy Services,"Why is the stock market down today? 3 factors behind Sensex, Nifty 50 fall - Livemint"
1,TCS.NS,Tata Consultancy Services,Tata Consultancy Services stock gains 1.90 percent before Q2 results and dividend decision - AD HOC NEWS
2,TCS.NS,Tata Consultancy Services,"TCS shares rise ahead of Q2 results; Mphasis, Coforge, Infosys also gain; here's why - Business Today"
3,TCS.NS,Tata Consultancy Services,Tata Consultancy Services shares rise 2.35% in today's session - Moneycontrol.com
4,TCS.NS,Tata Consultancy Services,TCS shares jump 3% ahead of Q2 results. 5 things investors should watch out for - The Economic Times
5,TCS.NS,Tata Consultancy Services,"TCS Q2 Results: Announcement Date, Dividend Record Date, Earnings Call, Share Price Performance - NDTV Profit"
6,TCS.NS,Tata Consultancy Services,Tata Consultancy Services Prediction for Tomorrow: 29 Sept 2026 - Univest
7,TCS.NS,Tata Consultancy Services,TCS shares trade lower as IT firm seeks to acquire 100% stake in Porsche-arm MHP for €320 million; key things to know - Upstox
8,TCS.NS,Tata Consultancy Services,Tata Consultancy Services shares decline 2.14% in early trade - TradingView
9,TCS.NS,Tata Consultancy Services,Tata Consultancy Services Prediction for Tomorrow: 6 Oct 2026 - Univest
10,TCS.NS,Tata Consultancy Services,Tata Consultancy Services Share Price Prediction for Tomorrow: 11 Sep 2026 - Univest
11,TCS.NS,Tata Consultancy Services,Tata Consultancy Services Prediction for Tomorrow: 28 Sept 2026 - Univest
12,TCS.NS,Tata Consultancy Services,TCS Share Price Falls 2.26%: Price Action and Valuation - Univest
13,TCS.NS,Tata Consultancy Services,"Top stocks to watch today: TCS, Tata Steel, Reliance, Sun Pharma shares in focus on Thursday, 8 October | Full list - Livemint"
14,TCS.NS,Tata Consultancy Services,Tata Consultancy Services Stock Signals to Watch This Week - Univest
15,TCS.NS,Tata Consultancy Services,TCS Q2 Results 2026 Today: 5 triggers could decide share price's next move post earnings announcement | Experts' view - Livemint
16,TCS.NS,Tata Consultancy Services,"IT dividend heavyweights compared: TCS, Infosys, HCL Tech, Wipro, Accelya Solutions - Which IT stock has highest yield? - Livemint"
17,TCS.NS,Tata Consultancy Services,"TCS Q2 results today: Dividend announcement, record date, key expectations, factors to watch - Business Today"
18,TCS.NS,Tata Consultancy Services,"Rs 4,341 crore dividend bonanza! TCS announces Q2 dividend; check record date, payment date & more - Business Today"
19,TCS.NS,Tata Consultancy Services,"TCS Q2 net profit jumps 4 pc to Rs 13,884 crore in FY27 - Investment Guru India"
20,HDFCBANK.NS,HDFC Bank,Why did HDFC Bank shares reverse a 3% rally and turn red today? - India Today
21,HDFCBANK.NS,HDFC Bank,Who will be new CEO of HDFC Bank? How the stock has performed since the saga began? What we know so far - Livemint
22,HDFCBANK.NS,HDFC Bank,"HDFC Bank, YES Bank, AU SFB: Bank stocks jump; Bank Nifty up over 1% - Q2 business updates, share price rally explained - TradingView"
23,HDFCBANK.NS,HDFC Bank,HDFC Bank Finally Ready To Rally? Kranthi Bathini On Anup Bagchi Appointment & Stock Outlook - Business Today
24,HDFCBANK.NS,HDFC Bank,"UBS Retains 'Buy' For HDFC Bank Stock, Sees Re-Rating After CEO Uncertainty Eases; Target Price At Rs 1,000 - NDTV Profit"
25,HDFCBANK.NS,HDFC Bank,"HDFC Bank shares in focus after RBI repo rate hike, loan growth at 16% - BusinessLine"
26,HDFCBANK.NS,HDFC Bank,HDFC Bank: Why the stock can’t catch a break - CNBC TV18 - LinkedIn
27,HDFCBANK.NS,HDFC Bank,HDFC Bank Shares Rise 2% as CEO Succession Moves to RBI; Nomura Sees 34% Upside - India Infoline
28,HDFCBANK.NS,HDFC Bank,"HDFC Bank shares in focus: Stock down over 26% YTD, Q2 results due October 17 - TradingView"
29,HDFCBANK.NS,HDFC Bank,Why HDFC Bank shares fall 2% as banking stocks decline amid market slump - BusinessLine
30,HDFCBANK.NS,HDFC Bank,HDFC Bank: Anup Bagchi at helm lifts overhang; brokerages share outlook - Business Standard
31,HDFCBANK.NS,HDFC Bank,HDFC Bank Share Price Falls as Large Cap Bank Trades Lower - Univest
32,HDFCBANK.NS,HDFC Bank,"With Anup Bagchi as CEO, a deep-dive into how bank stocks fared after top boss changes - Yes, RBL, IndusInd, HDFC Bank - Livemint"
33,HDFCBANK.NS,HDFC Bank,HDFC Bank shares slip 2% despite CEO clarity; what could unlock a rerating? - Upstox
34,HDFCBANK.NS,HDFC Bank,"HDFC Bank share price targets: What Jefferies, Nomura, Morgan Stanley say as Anup Bagchi named CEO - Business Today"
35,HDFCBANK.NS,HDFC Bank,HDFC Bank (HDFCBANK.NS) Climbs 1.76% to ₹721.2 as Stock Tests Mid-Range Resistance - Intraday Profile - siam.in
36,HDFCBANK.NS,HDFC Bank,HDFC Bank shares gain over 1%: Here's why - BusinessLine
37,HDFCBANK.NS,HDFC Bank,HDFC Bank Prediction for Tomorrow: 30 Sept 2026 - Univest
38,HDFCBANK.NS,HDFC Bank,HDFC Bank shares trade flat ahead of Q2 results: What’s happening? - BusinessLine
39,HDFCBANK.NS,HDFC Bank,HDFC Bank (HDFCBANK) Share Price near 52-week low as stock trades weak - Univest
40,RELIANCE.NS,Reliance Industries,RIL AGM strategy: How to trade Reliance shares amid hopes of big-bang announcements from Mukesh Ambani - The Economic Times
41,RELIANCE.NS,Reliance Industries,Reliance Industries shares in focus as company gets Sebi's warning over alleged insider trading - The Economic Times
42,RELIANCE.NS,Reliance Industries,Reliance Industries Prediction for Tomorrow: 30 Sept 2026 - Univest
43,RELIANCE.NS,Reliance Industries,Reliance Industries Share Price: price action and valuation - Univest
44,RELIANCE.NS,Reliance Industries,Reliance Industries share price rises after Q1 results. Should you buy or sell the stock? - Livemint
45,RELIANCE.NS,Reliance Industries,"RIL shares surge 2.7% on Jio Platforms IPO expectations, Jefferies boost - Moneycontrol.com"
46,RELIANCE.NS,Reliance Industries,Reliance Industries' highest share price target implies a 44% upside; Here are key triggers - CNBC TV18
47,RELIANCE.NS,Reliance Industries,Beyond Jio IPO: 5 big bets that could revive Reliance shares - The Economic Times
48,RELIANCE.NS,Reliance Industries,Reliance Stock And India Refiners Facing A Russian Crude Test - Simply Wall Street
49,RELIANCE.NS,Reliance Industries,"Reliance shares briefly slip below ₹1,300 amid volatility: Buy the dip or wait? - Livemint"
50,RELIANCE.NS,Reliance Industries,Reliance Industries Share Price Prediction for Monday: 21 Sep 2026 - Univest
51,RELIANCE.NS,Reliance Industries,"Reliance Industries stock after-hours: INR 12,000 crore debenture allotment - AD HOC NEWS"
52,RELIANCE.NS,Reliance Industries,Reliance shares are down 17% despite soaring refining margins. What the market is missing - The Economic Times
53,RELIANCE.NS,Reliance Industries,Reliance Industries Share Price Prediction for Tomorrow: 16 Sep 2026 - Univest
54,RELIANCE.NS,Reliance Industries,Reliance Industries shares gain as govt slashes windfall tax on fuel exports; stock down 21% in 2026 so fa - The Economic Times
55,RELIANCE.NS,Reliance Industries,Reliance Industries shares contribute to Nifty recovery; Jefferies sees 53% upside - CNBC TV18
56,RELIANCE.NS,Reliance Industries,Reliance Industries promoters raise stake to 50.48%; stock gains 2% ahead of Q1 results - Moneycontrol.com
57,RELIANCE.NS,Reliance Industries,"Indian shares fall as IT, Reliance drag; losses deepen in closing auction - Reuters"
58,RELIANCE.NS,Reliance Industries,Independence Day 2026: 4 stocks that have been part of Sensex since inception. Do you own any? - The Economic Times
59,RELIANCE.NS,Reliance Industries,Jio Platforms IPO: What does it mean for Reliance Industries share price? What should RIL investors do? - Livemint
60,BAJFINANCE.NS,Bajaj Finance,Bajaj Finance Touches 8-Month High on Q1 Update - Equitypandit
61,BAJFINANCE.NS,Bajaj Finance,"Bajaj Finance shares hit record high, rally 7% post Q1 results: Should you buy? - India Today"
62,BAJFINANCE.NS,Bajaj Finance,"Why Nomura remains positive on Bajaj Finance, Tata Capital, L&T Finance and Shriram Finance - Moneycontrol.com"
63,BAJFINANCE.NS,Bajaj Finance,"Bajaj Finance shares explode 7%, make investors Rs 46,445 crore richer. Is it still a buy? - The Economic Times"
64,BAJFINANCE.NS,Bajaj Finance,Markets extend rally to third day; Bajaj Finance surges over 8% - The Hindu
65,BAJFINANCE.NS,Bajaj Finance,Bajaj Finance share price target raised by JPMorgan after Q2 update; Stock turns positive YTD - CNBC TV18
66,BAJFINANCE.NS,Bajaj Finance,"Bajaj Finance Ltd. Key Financial Ratios – Valuation, Profitability & More - Value Research"
67,BAJFINANCE.NS,Bajaj Finance,"Bajaj Finance sees its biggest single-day rally in 4 yrs as shares jump 8.32% on Friday, adding ₹53,000 crore in investor wealth Strong Q1 results and an ambitious FY27 loanbook target of ₹6.5 lakh crore drove the rally Furquan Moharkan brings more details - LinkedIn"
68,BAJFINANCE.NS,Bajaj Finance,"Bajaj Finance stock jumps 6%; brokerages raise target prices after strong Q1, upbeat management commentary - Moneycontrol.com"
69,BAJFINANCE.NS,Bajaj Finance,"Bajaj Finance shares fall 2.06 percent, trading at Rs 1,038.50 - Moneycontrol.com"
70,BAJFINANCE.NS,Bajaj Finance,"Stock Picks Today: NSE, Dalmia Bharat, Bajaj Finance, Varun Beverages, And More On Brokerages' Radar - NDTV Profit"
71,BAJFINANCE.NS,Bajaj Finance,"Bajaj Finance, Tata Capital, LT Finance, SHFL share price targets as cost of funds rise - Business Today"
72,BAJFINANCE.NS,Bajaj Finance,"Bajaj Finance Share Price August 31, 2026: Down 0.68% to ₹7,826.40 - The Eastern Herald"
73,BAJFINANCE.NS,Bajaj Finance,"Bajaj Finance share price jumps around 7% to record high on strong Q1 results FY27: Should you buy, sell or hold? - TradingView"
74,BAJFINANCE.NS,Bajaj Finance,"Bajaj Finance falls Tuesday, underperforms market - MarketWatch"
75,BAJFINANCE.NS,Bajaj Finance,Bajaj Finance Share Price Declines: What the Numbers Show - Univest
76,BAJFINANCE.NS,Bajaj Finance,"Bajaj Finance share price: Nomura raises target, sees 18% upside; here's why - Business Today"
77,BAJFINANCE.NS,Bajaj Finance,Bajaj Housing Finance: 7 Stock Signals to Watch - Univest
78,BAJFINANCE.NS,Bajaj Finance,"Bajaj Finance Share Price Surges Nearly 7% as Strong Q1 FY27 Earnings Lift Sensex, Nifty Higher - India Infoline"
79,BAJFINANCE.NS,Bajaj Finance,"Bajaj Finance shares jump 3% after a four-day slide, experts see more upside | Target price, stop-loss - TradingView"
80,GROWW.NS,Groww,Friale Fund offloads Rs 210 Cr worth of Groww shares in block deal - Entrackr
81,GROWW.NS,Groww,"Groww shares gain 8% on strong Q1 earnings, net profit jumps 94% to Rs 735 crore - The Economic Times"
82,GROWW.NS,Groww,"JSW Energy, Groww, OMCs among buzzing stocks as SENSEX, NIFTY50 tumble over 1% - Upstox"
83,GROWW.NS,Groww,"Groww shares flat despite strong Q4 results; profit jumps 122%, margins up - Business Standard"
84,GROWW.NS,Groww,Groww shares rise marginally as Motilal Oswal sees up to 19% upside - Moneycontrol.com
85,GROWW.NS,Groww,Groww shares soar over 9% post Q3 FY26 earnings; here is what analysts said - Upstox
86,GROWW.NS,Groww,Groww Shares Jump 9% To Hit 52-Week High After BoFA Gives ‘Buy’ Call - Inc42
87,GROWW.NS,Groww,"Groww founders sell shares worth Rs 250–260 crore, likely to fund startups, philanthropy - Moneycontrol.com"
88,GROWW.NS,Groww,Groww shares soar 9% with the stock up 76% from issue price. What’s fuelling the rally? - The Economic Times
89,GROWW.NS,Groww,"Groww shares slip ~4% as equity worth ₹2,200 Crore ends lock-in - India Infoline"
90,GROWW.NS,Groww,Groww shares surge over 7% after BofA initiates coverage with 'Buy' - Moneycontrol.com
91,GROWW.NS,Groww,"Groww shares can go up to ₹250 after Q1 results, say at least three analysts - CNBC TV18"
92,GROWW.NS,Groww,"Billionbrains Garage Ventures Limited (GROWW.NS) Stock Price, News, Quote & History - Yahoo! Finance Canada"
93,GROWW.NS,Groww,Groww share price trades lower ahead of Q3 FY26 earnings: key things to know - Upstox
94,GROWW.NS,Groww,"Ather Energy, Groww, LTTS, Union Bank of India among buzzing stocks as SENSEX, NIFTY50 trade flat in noon deals - Upstox"
95,GROWW.NS,Groww,Pros and Cons of Investing in Groww - Equitymaster
96,GROWW.NS,Groww,Goldman Sachs invests ₹210 crore in Groww; shares rise 4% - Livemint
97,GROWW.NS,Groww,"Top 5 stocks to buy: AU Bank, Poonawalla Fincorp, Groww, Graphite India, Usha Martin by Sumeet Bagadia | Target price - Livemint"
98,GROWW.NS,Groww,"Groww adds over 1 lakh active clients in September, Sahi clocks 11% growth - Entrackr"
99,GROWW.NS,Groww,"Groww, Zerodha, Angel One, Upstox get GIFT City nod for international investing - Moneycontrol.com"
